{"count":1,"self":652.75694079999994,"total":1936.6346005999999,"children":{"InitializeActuators":{"count":1,"self":0.0010000999999999999,"total":0.0010000999999999999,"children":null},"InitializeSensors":{"count":1,"self":0.0010000999999999999,"total":0.0010000999999999999,"children":null},"AgentSendState":{"count":1484451,"self":2.8381566,"total":8.0316835,"children":{"CollectObservations":{"count":296891,"self":0.75849669999999991,"total":0.75849669999999991,"children":null},"WriteActionMask":{"count":296891,"self":0.18739419999999998,"total":0.18739419999999998,"children":null},"RequestDecision":{"count":296891,"self":0.8875858,"total":4.247636,"children":{"AgentInfo.ToProto":{"count":296891,"self":1.2130014,"total":3.3600502,"children":{"GenerateSensorData":{"count":296891,"self":2.1470488,"total":2.1470488,"children":null}}}}}}},"DecideAction":{"count":1484451,"self":1271.6478464,"total":1271.6478081,"children":null},"AgentAct":{"count":1484451,"self":4.1921371999999995,"total":4.1921373,"children":null},"AgentInfo.ToProto":{"count":317,"self":0.0010029,"total":0.0030065,"children":{"GenerateSensorData":{"count":317,"self":0.0020036,"total":0.0020036,"children":null}}}},"gauges":{"MovePaddle.CumulativeReward":{"count":317,"max":1021,"min":0,"runningAverage":7.02523661,"value":243,"weightedAverage":299.930725}},"metadata":{"timer_format_version":"0.1.0","start_time_seconds":"1658590860","unity_version":"2021.3.5f1","command_line_arguments":"C:\\Program Files\\Unity\\Hub\\Editor\\2021.3.5f1\\Editor\\Unity.exe -projectpath C:\\Users\\Jared Connor\\PersonalCloud\\CS_467\\ML-Breakout -useHub -hubIPC -cloudEnvironment production -licensingIpc LicenseClient-B2xw0FYVvmPUelNEJt0NA -hubSessionId 0b5be0c0-0914-11ed-9018-dbf9543de341","communication_protocol_version":"1.5.0","com.unity.ml-agents_version":"2.0.1","scene_name":"TrainingEnvironment2","end_time_seconds":"1658592797"}}