{
    "name": "root",
    "gauges": {
        "MovePaddle.Policy.Entropy.mean": {
            "value": 0.5928168892860413,
            "min": 0.5250095129013062,
            "max": 1.0983598232269287,
            "count": 41
        },
        "MovePaddle.Policy.Entropy.sum": {
            "value": 5724.83251953125,
            "min": 4814.8623046875,
            "max": 14017.267578125,
            "count": 41
        },
        "MovePaddle.Environment.EpisodeLength.mean": {
            "value": 3.9888372093023254,
            "min": 0.0,
            "max": 1991.1538461538462,
            "count": 41
        },
        "MovePaddle.Environment.EpisodeLength.sum": {
            "value": 4288.0,
            "min": 0.0,
            "max": 25885.0,
            "count": 41
        },
        "MovePaddle.Step.mean": {
            "value": 491122.0,
            "min": 11972.0,
            "max": 491122.0,
            "count": 41
        },
        "MovePaddle.Step.sum": {
            "value": 491122.0,
            "min": 11972.0,
            "max": 491122.0,
            "count": 41
        },
        "MovePaddle.Policy.ExtrinsicValueEstimate.mean": {
            "value": 0.2888457775115967,
            "min": -0.07441909611225128,
            "max": 3.465841054916382,
            "count": 41
        },
        "MovePaddle.Policy.ExtrinsicValueEstimate.sum": {
            "value": 313.10882568359375,
            "min": -31.55369758605957,
            "max": 2456.3857421875,
            "count": 41
        },
        "MovePaddle.Environment.CumulativeReward.mean": {
            "value": 0.03348837209302326,
            "min": 0.0,
            "max": 131.7,
            "count": 41
        },
        "MovePaddle.Environment.CumulativeReward.sum": {
            "value": 36.0,
            "min": 0.0,
            "max": 1317.0,
            "count": 41
        },
        "MovePaddle.Policy.ExtrinsicReward.mean": {
            "value": 0.03348837209302326,
            "min": 0.0,
            "max": 131.7,
            "count": 41
        },
        "MovePaddle.Policy.ExtrinsicReward.sum": {
            "value": 36.0,
            "min": 0.0,
            "max": 1317.0,
            "count": 41
        },
        "MovePaddle.IsTraining.mean": {
            "value": 1.0,
            "min": 1.0,
            "max": 1.0,
            "count": 41
        },
        "MovePaddle.IsTraining.sum": {
            "value": 1.0,
            "min": 1.0,
            "max": 1.0,
            "count": 41
        },
        "MovePaddle.Losses.PolicyLoss.mean": {
            "value": 0.09135617933112208,
            "min": 0.09135617933112208,
            "max": 0.12671929735451057,
            "count": 39
        },
        "MovePaddle.Losses.PolicyLoss.sum": {
            "value": 0.09135617933112208,
            "min": 0.09135617933112208,
            "max": 0.12671929735451057,
            "count": 39
        },
        "MovePaddle.Losses.ValueLoss.mean": {
            "value": 0.17065609132932155,
            "min": 0.0785089363130483,
            "max": 135.54552811656507,
            "count": 39
        },
        "MovePaddle.Losses.ValueLoss.sum": {
            "value": 0.17065609132932155,
            "min": 0.0785089363130483,
            "max": 135.54552811656507,
            "count": 39
        },
        "MovePaddle.Policy.LearningRate.mean": {
            "value": 1.0300896566400013e-05,
            "min": 1.0300896566400013e-05,
            "max": 0.0002927718024094,
            "count": 39
        },
        "MovePaddle.Policy.LearningRate.sum": {
            "value": 1.0300896566400013e-05,
            "min": 1.0300896566400013e-05,
            "max": 0.0002927718024094,
            "count": 39
        },
        "MovePaddle.Policy.Epsilon.mean": {
            "value": 0.10343360000000001,
            "min": 0.10343360000000001,
            "max": 0.19759060000000003,
            "count": 39
        },
        "MovePaddle.Policy.Epsilon.sum": {
            "value": 0.10343360000000001,
            "min": 0.10343360000000001,
            "max": 0.19759060000000003,
            "count": 39
        },
        "MovePaddle.Policy.Beta.mean": {
            "value": 4.399264000000002e-05,
            "min": 4.399264000000002e-05,
            "max": 0.0009761469400000003,
            "count": 39
        },
        "MovePaddle.Policy.Beta.sum": {
            "value": 4.399264000000002e-05,
            "min": 4.399264000000002e-05,
            "max": 0.0009761469400000003,
            "count": 39
        }
    },
    "metadata": {
        "timer_format_version": "0.1.0",
        "start_time_seconds": "1658360241",
        "python_version": "3.7.5 (tags/v3.7.5:5c02a39a0b, Oct 15 2019, 00:11:34) [MSC v.1916 64 bit (AMD64)]",
        "command_line_arguments": "C:\\Users\\Jared Connor\\PersonalCloud\\CS_467\\ML-Breakout\\.env\\Scripts\\mlagents-learn .\\paddle-agent-config.yaml --run-id=WorkingAgent2 --force",
        "mlagents_version": "0.28.0",
        "mlagents_envs_version": "0.28.0",
        "communication_protocol_version": "1.5.0",
        "pytorch_version": "1.7.1+cu110",
        "numpy_version": "1.21.2",
        "end_time_seconds": "1658365786"
    },
    "total": 5545.3813232,
    "count": 1,
    "self": 0.006982999999308959,
    "children": {
        "run_training.setup": {
            "total": 0.06888340000000004,
            "count": 1,
            "self": 0.06888340000000004
        },
        "TrainerController.start_learning": {
            "total": 5545.305456800001,
            "count": 1,
            "self": 2.358383700017839,
            "children": {
                "TrainerController._reset_env": {
                    "total": 13.7031273,
                    "count": 1,
                    "self": 13.7031273
                },
                "TrainerController.advance": {
                    "total": 5529.188840799982,
                    "count": 91267,
                    "self": 1.183121599920014,
                    "children": {
                        "env_step": {
                            "total": 5528.005719200062,
                            "count": 91267,
                            "self": 5273.201454000139,
                            "children": {
                                "SubprocessEnvManager._take_step": {
                                    "total": 253.5408292999026,
                                    "count": 91267,
                                    "self": 3.3063460998011465,
                                    "children": {
                                        "TorchPolicy.evaluate": {
                                            "total": 250.23448320010147,
                                            "count": 55943,
                                            "self": 92.24761530003991,
                                            "children": {
                                                "TorchPolicy.sample_actions": {
                                                    "total": 157.98686790006155,
                                                    "count": 55943,
                                                    "self": 157.98686790006155
                                                }
                                            }
                                        }
                                    }
                                },
                                "workers": {
                                    "total": 1.2634359000208857,
                                    "count": 91267,
                                    "self": 0.0,
                                    "children": {
                                        "worker_root": {
                                            "total": 5530.027482200029,
                                            "count": 91267,
                                            "is_parallel": true,
                                            "self": 521.9481768000969,