{
    "name": "root",
    "metadata": {
        "timer_format_version": "0.1.0",
        "start_time_seconds": "1657776847",
        "python_version": "3.7.5 (tags/v3.7.5:5c02a39a0b, Oct 15 2019, 00:11:34) [MSC v.1916 64 bit (AMD64)]",
        "command_line_arguments": "C:\\Users\\Jared Connor\\PersonalCloud\\CS_467\\ML-Breakout-Copy\\.env\\Scripts\\mlagents-learn .\\paddle-agent-config.yaml --run-id=Test2 --resume",
        "mlagents_version": "0.28.0",
        "mlagents_envs_version": "0.28.0",
        "communication_protocol_version": "1.5.0",
        "pytorch_version": "1.12.0+cu116",
        "numpy_version": "1.21.2",
        "end_time_seconds": "1657776900"
    },
    "total": 52.5289981,
    "count": 1,
    "self": 0.0051451000000000136,
    "children": {
        "run_training.setup": {
            "total": 0.06535650000000004,
            "count": 1,
            "self": 0.06535650000000004
        },
        "TrainerController.start_learning": {
            "total": 52.4584965,
            "count": 1,
            "self": 0.10912340000000142,
            "children": {
                "TrainerController._reset_env": {
                    "total": 10.4798288,
                    "count": 1,
                    "self": 10.4798288
                },
                "TrainerController.advance": {
                    "total": 41.7427858,
                    "count": 4633,
                    "self": 0.04865919999993906,
                    "children": {
                        "env_step": {
                            "total": 41.69412660000006,
                            "count": 4633,
                            "self": 27.84980299999972,
                            "children": {
                                "SubprocessEnvManager._take_step": {
                                    "total": 13.79429710000017,
                                    "count": 4633,
                                    "self": 0.20598730000014243,
                                    "children": {
                                        "TorchPolicy.evaluate": {
                                            "total": 13.588309800000028,
                                            "count": 4624,
                                            "self": 4.831839199999996,
                                            "children": {
                                                "TorchPolicy.sample_actions": {
                                                    "total": 8.756470600000032,
                                                    "count": 4624,
                                                    "self": 8.756470600000032
                                                }
                                            }
                                        }
                                    }
                                },
                                "workers": {
                                    "total": 0.05002650000017006,
                                    "count": 4632,
                                    "self": 0.0,
                                    "children": {
                                        "worker_root": {
                                            "total": 37.64584440000012,
                                            "count": 4632,
                                            "is_parallel": true,
                                            "self": 18.470513900000064,
                                            "children": {
                                                "steps_from_proto": {
                                                    "total": 0.0003611000000010023,
                                                    "count": 1,
                                                    "is_parallel": true,
                                                    "self": 0.0001964000000000965,
                                                    "children": {
                                                        "_process_rank_one_or_two_observation": {
                                                            "total": 0.0001647000000009058,
                                                            "count": 2,
                                                            "is_parallel": true,
                                                            "self": 0.0001647000000009058
                                                        }
                                                    }
                                                },
                                                "UnityEnvironment.step": {
                                                    "total": 19.174969400000055,
                                                    "count": 4632,
                                                    "is_parallel": true,
                                                    "self": 0.31627760000053584,
                                                    "children": {
                                                        "UnityEnvironment._generate_step_input": {
                                                            "total": 0.27257489999988493,
                                                            "count": 4632,
                                                            "is_parallel": true,
                                                            "self": 0.27257489999988493
                                                        },
                                                        "communicator.exchange": {
                                                            "total": 17.50277879999972,
                                                            "count": 4632,
                                                            "is_parallel": true,
                                                            "self": 17.50277879999972
                                                        },
                                                        "steps_from_proto": {
                                                            "total": 1.0833380999999118,
                                                            "count": 4632,
                                                            "is_parallel": true,
                                                            "self": 0.687555299999941,
                                                            "children": {
                                                                "_process_rank_one_or_two_observation": {
                                                                    "total": 0.3957827999999708,
                                                                    "count": 9264,
                                                                    "is_parallel": true,
                                                                    "self": 0.3957827999999708
                                                                }
                                                            }
                                                        }
                                                    }
                                                }
                                            }
                                        }
                                    }
                                }
                            }
                        }
                    }
                },
                "trainer_threads": {
                    "total": 1.5400000002330216e-05,
                    "count": 1,
                    "self": 1.5400000002330216e-05,
                    "children": {
                        "thread_root": {
                            "total": 0.0,
                            "count": 0,
                            "is_parallel": true,
                            "self": 0.0,