{
    "name": "root",
    "metadata": {
        "timer_format_version": "0.1.0",
        "start_time_seconds": "1657593634",
        "python_version": "3.7.5 (tags/v3.7.5:5c02a39a0b, Oct 15 2019, 00:11:34) [MSC v.1916 64 bit (AMD64)]",
        "command_line_arguments": "C:\\Users\\Jared Connor\\Documents\\CS_467\\ML-Breakout\\.env\\Scripts\\mlagents-learn .\\paddle-agent-config.yaml --run-id=Test1 --force",
        "mlagents_version": "0.28.0",
        "mlagents_envs_version": "0.28.0",
        "communication_protocol_version": "1.5.0",
        "pytorch_version": "1.7.1+cu110",
        "numpy_version": "1.21.2",
        "end_time_seconds": "1657593670"
    },
    "total": 36.31003,
    "count": 1,
    "self": 0.005148399999995945,
    "children": {
        "run_training.setup": {
            "total": 0.06635970000000002,
            "count": 1,
            "self": 0.06635970000000002
        },
        "TrainerController.start_learning": {
            "total": 36.2385219,
            "count": 1,
            "self": 0.06298179999999576,
            "children": {
                "TrainerController._reset_env": {
                    "total": 7.9927082,
                    "count": 1,
                    "self": 7.9927082
                },
                "TrainerController.advance": {
                    "total": 27.95565790000001,
                    "count": 2209,
                    "self": 0.02415700000002019,
                    "children": {
                        "env_step": {
                            "total": 27.93150089999999,
                            "count": 2209,
                            "self": 21.52163519999993,
                            "children": {
                                "SubprocessEnvManager._take_step": {
                                    "total": 6.385564199999937,
                                    "count": 2209,
                                    "self": 0.08741839999992251,
                                    "children": {
                                        "TorchPolicy.evaluate": {
                                            "total": 6.298145800000015,
                                            "count": 1857,
                                            "self": 2.0976787000000083,
                                            "children": {
                                                "TorchPolicy.sample_actions": {
                                                    "total": 4.200467100000006,
                                                    "count": 1857,
                                                    "self": 4.200467100000006
                                                }
                                            }
                                        }
                                    }
                                },
                                "workers": {
                                    "total": 0.024301500000120768,
                                    "count": 2208,
                                    "self": 0.0,
                                    "children": {
                                        "worker_root": {
                                            "total": 19.284710699999913,
                                            "count": 2208,
                                            "is_parallel": true,
                                            "self": 9.855756499999796,
                                            "children": {
                                                "steps_from_proto": {
                                                    "total": 0.00033420000000017325,
                                                    "count": 1,
                                                    "is_parallel": true,
                                                    "self": 0.0001828000000001495,
                                                    "children": {
                                                        "_process_rank_one_or_two_observation": {
                                                            "total": 0.00015140000000002374,
                                                            "count": 2,
                                                            "is_parallel": true,
                                                            "self": 0.00015140000000002374
                                                        }
                                                    }
                                                },
                                                "UnityEnvironment.step": {
                                                    "total": 9.428620000000118,
                                                    "count": 2208,
                                                    "is_parallel": true,
                                                    "self": 0.15498300000017373,
                                                    "children": {
                                                        "UnityEnvironment._generate_step_input": {
                                                            "total": 0.12976990000001898,
                                                            "count": 2208,
                                                            "is_parallel": true,
                                                            "self": 0.12976990000001898
                                                        },
                                                        "communicator.exchange": {
                                                            "total": 8.636022199999955,
                                                            "count": 2208,
                                                            "is_parallel": true,
                                                            "self": 8.636022199999955
                                                        },
                                                        "steps_from_proto": {
                                                            "total": 0.5078448999999701,
                                                            "count": 2208,
                                                            "is_parallel": true,
                                                            "self": 0.31373509999988514,
                                                            "children": {
                                                                "_process_rank_one_or_two_observation": {
                                                                    "total": 0.19410980000008493,
                                                                    "count": 4416,
                                                                    "is_parallel": true,
                                                                    "self": 0.19410980000008493
                                                                }
                                                            }
                                                        }
                                                    }
                                                }
                                            }
                                        }
                                    }
                                }
                            }
                        }
                    }
                },
                "trainer_threads": {
                    "total": 2.0599999999149077e-05,
                    "count": 1,
                    "self": 2.0599999999149077e-05,
                    "children": {
                        "thread_root": {
                            "total": 0.0,
                            "count": 0,
                            "is_parallel": true,
                            "self": 0.0,