{
    "name": "root",
    "metadata": {
        "timer_format_version": "0.1.0",
        "start_time_seconds": "1657853504",
        "python_version": "3.7.5 (tags/v3.7.5:5c02a39a0b, Oct 15 2019, 00:11:34) [MSC v.1916 64 bit (AMD64)]",
        "command_line_arguments": "C:\\Users\\Jared Connor\\PersonalCloud\\CS_467\\ML-Breakout\\.env\\Scripts\\mlagents-learn .\\paddle-agent-config.yaml --run-id=Test3 --force",
        "mlagents_version": "0.28.0",
        "mlagents_envs_version": "0.28.0",
        "communication_protocol_version": "1.5.0",
        "pytorch_version": "1.7.1+cu110",
        "numpy_version": "1.21.2",
        "end_time_seconds": "1657853648"
    },
    "total": 144.5007182,
    "count": 1,
    "self": 0.005616500000002134,
    "children": {
        "run_training.setup": {
            "total": 0.06697759999999997,
            "count": 1,
            "self": 0.06697759999999997
        },
        "TrainerController.start_learning": {
            "total": 144.4281241,
            "count": 1,
            "self": 0.026079699999769446,
            "children": {
                "TrainerController._reset_env": {
                    "total": 48.6053036,
                    "count": 1,
                    "self": 48.6053036
                },
                "TrainerController.advance": {
                    "total": 95.68985990000024,
                    "count": 985,
                    "self": 0.012628500000232634,
                    "children": {
                        "env_step": {
                            "total": 95.67723140000001,
                            "count": 985,
                            "self": 92.31791420000022,
                            "children": {
                                "SubprocessEnvManager._take_step": {
                                    "total": 3.3473078999998407,
                                    "count": 985,
                                    "self": 0.041496999999949935,
                                    "children": {
                                        "TorchPolicy.evaluate": {
                                            "total": 3.3058108999998908,
                                            "count": 778,
                                            "self": 0.9715698000000259,
                                            "children": {
                                                "TorchPolicy.sample_actions": {
                                                    "total": 2.334241099999865,
                                                    "count": 778,
                                                    "self": 2.334241099999865
                                                }
                                            }
                                        }
                                    }
                                },
                                "workers": {
                                    "total": 0.01200929999994571,
                                    "count": 984,
                                    "self": 0.0,
                                    "children": {
                                        "worker_root": {
                                            "total": 36.44422560000007,
                                            "count": 984,
                                            "is_parallel": true,
                                            "self": 6.790624799999982,
                                            "children": {
                                                "steps_from_proto": {
                                                    "total": 0.0018934999999942193,
                                                    "count": 1,
                                                    "is_parallel": true,
                                                    "self": 0.0009830999999991263,
                                                    "children": {
                                                        "_process_rank_one_or_two_observation": {
                                                            "total": 0.0009103999999950929,
                                                            "count": 2,
                                                            "is_parallel": true,
                                                            "self": 0.0009103999999950929
                                                        }
                                                    }
                                                },
                                                "UnityEnvironment.step": {
                                                    "total": 29.65170730000009,
                                                    "count": 984,
                                                    "is_parallel": true,
                                                    "self": 0.08480930000013132,
                                                    "children": {
                                                        "UnityEnvironment._generate_step_input": {
                                                            "total": 0.06181009999993847,
                                                            "count": 984,
                                                            "is_parallel": true,
                                                            "self": 0.06181009999993847
                                                        },
                                                        "communicator.exchange": {
                                                            "total": 29.237826100000014,
                                                            "count": 984,
                                                            "is_parallel": true,
                                                            "self": 29.237826100000014
                                                        },
                                                        "steps_from_proto": {
                                                            "total": 0.2672618000000071,
                                                            "count": 984,
                                                            "is_parallel": true,
                                                            "self": 0.15155059999977993,
                                                            "children": {
                                                                "_process_rank_one_or_two_observation": {
                                                                    "total": 0.11571120000022717,
                                                                    "count": 1968,
                                                                    "is_parallel": true,
                                                                    "self": 0.11571120000022717
                                                                }
                                                            }
                                                        }
                                                    }
                                                }
                                            }
                                        }
                                    }
                                }
                            }
                        }
                    }
                },
                "TrainerController._save_models": {
                    "total": 0.10688089999999306,
                    "count": 1,
                    "self": 0.007978699999995342,
                    "children": {
                        "RLTrainer._checkpoint": {
                            "total": 0.09890219999999772,
                            "count": 1,
                            "self": 0.09890219999999772
                        }
                    }
                }
            }
        }
    }
}